{
  "processing_date": "2025-07-30T20:47:58.421012",
  "input_file": "data/batch_example/S2A_MSIL1C_scene_03.npy",
  "output_name": "S2A_MSIL1C_scene_03",
  "scene_metadata": {
    "file_path": "data/batch_example/S2A_MSIL1C_scene_03.npy",
    "file_name": "S2A_MSIL1C_scene_03.npy",
    "shape": [
      256,
      256,
      13
    ],
    "height": 256,
    "width": 256,
    "num_bands": 13,
    "dtype": "uint16"
  },
  "cloud_statistics": {
    "total_pixels": 65536,
    "cloud_pixels": 65536,
    "cloud_coverage_percent": 100.0,
    "mean_cloud_probability": 0.9373519420623779,
    "max_cloud_probability": 0.999887228012085,
    "mean_probability_in_clouds": 0.8436279892921448
  },
  "processing_parameters": {
    "cloud_threshold": 0.4,
    "dos_percentile": 0.01,
    "target_resolution": 20
  },
  "bands_processed": [
    "B02",
    "B03",
    "B04",
    "B05",
    "B06",
    "B07",
    "B08",
    "B8A",
    "B11",
    "B12"
  ],
  "indices_computed": [
    "NDVI",
    "NDWI",
    "NBR",
    "NDII",
    "BAI",
    "SAVI"
  ],
  "quality_assessment": {
    "B02": {
      "original_mean": 1476.0013427734375,
      "corrected_mean": 0.028709465637803078,
      "original_std": 126.13434600830078,
      "corrected_std": 0.012593215331435204,
      "correction_magnitude": 1475.97265625,
      "relative_correction_percent": 99.99805450439453
    },
    "B03": {
      "original_mean": 1780.681640625,
      "corrected_mean": 0.034602090716362,
      "original_std": 145.24464416503906,
      "corrected_std": 0.014428805559873581,
      "correction_magnitude": 1780.6470947265625,
      "relative_correction_percent": 99.99806213378906
    },
    "B04": {
      "original_mean": 1368.9241943359375,
      "corrected_mean": 0.031216565519571304,
      "original_std": 141.6800079345703,
      "corrected_std": 0.014105637557804585,
      "correction_magnitude": 1368.8929443359375,
      "relative_correction_percent": 99.99771881103516
    },
    "B05": {
      "original_mean": 3540.389892578125,
      "corrected_mean": 0.05864144116640091,
      "original_std": 301.4461364746094,
      "corrected_std": 0.02988945133984089,
      "correction_magnitude": 3540.331298828125,
      "relative_correction_percent": 99.99834442138672
    },
    "B06": {
      "original_mean": 3932.52490234375,
      "corrected_mean": 0.09055059403181076,
      "original_std": 371.8257751464844,
      "corrected_std": 0.036932285875082016,
      "correction_magnitude": 3932.434326171875,
      "relative_correction_percent": 99.99769592285156
    },
    "B07": {
      "original_mean": 4250.02880859375,
      "corrected_mean": 0.10615196079015732,
      "original_std": 415.8069152832031,
      "corrected_std": 0.041473064571619034,
      "correction_magnitude": 4249.9228515625,
      "relative_correction_percent": 99.99750518798828
    },
    "B08": {
      "original_mean": 4592.58154296875,
      "corrected_mean": 0.09744659066200256,
      "original_std": 464.0709533691406,
      "corrected_std": 0.04620624706149101,
      "correction_magnitude": 4592.48388671875,
      "relative_correction_percent": 99.99787139892578
    },
    "B8A": {
      "original_mean": 4390.46630859375,
      "corrected_mean": 0.09525562077760696,
      "original_std": 430.2927551269531,
      "corrected_std": 0.04278232529759407,
      "correction_magnitude": 4390.37109375,
      "relative_correction_percent": 99.99783325195312
    },
    "B11": {
      "original_mean": 1555.8167724609375,
      "corrected_mean": 0.03831477090716362,
      "original_std": 154.2110137939453,
      "corrected_std": 0.0153398672118783,
      "correction_magnitude": 1555.7784423828125,
      "relative_correction_percent": 99.9975357055664
    },
    "B12": {
      "original_mean": 1183.4124755859375,
      "corrected_mean": 0.026702670380473137,
      "original_std": 120.77860260009766,
      "corrected_std": 0.011909930035471916,
      "correction_magnitude": 1183.3857421875,
      "relative_correction_percent": 99.99774169921875
    }
  },
  "index_statistics": {
    "NDVI": {
      "mean": 0.462476521730423,
      "std": 0.29563701152801514,
      "min": -1.0,
      "max": 1.0,
      "median": 0.5042996406555176,
      "q25": 0.3477563261985779,
      "q75": 0.6274787187576294,
      "valid_pixels": 16777216
    },
    "NDWI": {
      "mean": -0.4231395721435547,
      "std": 0.2742639183998108,
      "min": -1.0,
      "max": 1.0,
      "median": -0.47112375497817993,
      "q25": -0.5644607543945312,
      "q75": -0.3194359242916107,
      "valid_pixels": 16777216
    },
    "NBR": {
      "mean": 0.5180213451385498,
      "std": 0.2825195789337158,
      "min": -1.0,
      "max": 1.0,
      "median": 0.5622338056564331,
      "q25": 0.42235705256462097,
      "q75": 0.6628226637840271,
      "valid_pixels": 16777216
    },
    "NDII": {
      "mean": 0.3790934383869171,
      "std": 0.2941294014453888,
      "min": -1.0,
      "max": 1.0,
      "median": 0.42959821224212646,
      "q25": 0.2811097204685211,
      "q75": 0.5484647750854492,
      "valid_pixels": 16777216
    },
    "BAI": {
      "mean": -0.06676298379898071,
      "std": 0.32675668597221375,
      "min": -1.0,
      "max": 1.0,
      "median": -0.06619597971439362,
      "q25": -0.25155630707740784,
      "q75": 0.10018214583396912,
      "valid_pixels": 16777216
    },
    "SAVI": {
      "mean": 0.15179148316383362,
      "std": 0.09337650239467621,
      "min": -0.11853010952472687,
      "max": 0.40266939997673035,
      "median": 0.154039204120636,
      "q25": 0.08913242071866989,
      "q75": 0.2214886099100113,
      "valid_pixels": 16777216
    }
  }
}