{
  "processing_date": "2025-07-30T20:47:44.547914",
  "input_file": "data/batch_example/S2A_MSIL1C_scene_01.npy",
  "output_name": "S2A_MSIL1C_scene_01",
  "scene_metadata": {
    "file_path": "data/batch_example/S2A_MSIL1C_scene_01.npy",
    "file_name": "S2A_MSIL1C_scene_01.npy",
    "shape": [
      256,
      256,
      13
    ],
    "height": 256,
    "width": 256,
    "num_bands": 13,
    "dtype": "uint16"
  },
  "cloud_statistics": {
    "total_pixels": 65536,
    "cloud_pixels": 65536,
    "cloud_coverage_percent": 100.0,
    "mean_cloud_probability": 0.9372262954711914,
    "max_cloud_probability": 0.9999011754989624,
    "mean_probability_in_clouds": 0.8415549993515015
  },
  "processing_parameters": {
    "cloud_threshold": 0.4,
    "dos_percentile": 0.01,
    "target_resolution": 20
  },
  "bands_processed": [
    "B02",
    "B03",
    "B04",
    "B05",
    "B06",
    "B07",
    "B08",
    "B8A",
    "B11",
    "B12"
  ],
  "indices_computed": [
    "NDVI",
    "NDWI",
    "NBR",
    "NDII",
    "BAI",
    "SAVI"
  ],
  "quality_assessment": {
    "B02": {
      "original_mean": 1468.4141845703125,
      "corrected_mean": 0.025143573060631752,
      "original_std": 121.62419128417969,
      "corrected_std": 0.01215271931141615,
      "correction_magnitude": 1468.3890380859375,
      "relative_correction_percent": 99.998291015625
    },
    "B03": {
      "original_mean": 1784.679443359375,
      "corrected_mean": 0.026397762820124626,
      "original_std": 137.43211364746094,
      "corrected_std": 0.013668609783053398,
      "correction_magnitude": 1784.653076171875,
      "relative_correction_percent": 99.99851989746094
    },
    "B04": {
      "original_mean": 1378.08837890625,
      "corrected_mean": 0.040265679359436035,
      "original_std": 150.62440490722656,
      "corrected_std": 0.014894562773406506,
      "correction_magnitude": 1378.048095703125,
      "relative_correction_percent": 99.99707794189453
    },
    "B05": {
      "original_mean": 3536.500244140625,
      "corrected_mean": 0.0751849114894867,
      "original_std": 332.33038330078125,
      "corrected_std": 0.03288721293210983,
      "correction_magnitude": 3536.425048828125,
      "relative_correction_percent": 99.99787139892578
    },
    "B06": {
      "original_mean": 3901.531005859375,
      "corrected_mean": 0.07689378410577774,
      "original_std": 371.3768005371094,
      "corrected_std": 0.03706442937254906,
      "correction_magnitude": 3901.4541015625,
      "relative_correction_percent": 99.9980239868164
    },
    "B07": {
      "original_mean": 4252.474609375,
      "corrected_mean": 0.09155689924955368,
      "original_std": 392.28973388671875,
      "corrected_std": 0.03919963911175728,
      "correction_magnitude": 4252.3828125,
      "relative_correction_percent": 99.99784088134766
    },
    "B08": {
      "original_mean": 4596.00537109375,
      "corrected_mean": 0.10636796057224274,
      "original_std": 439.8907470703125,
      "corrected_std": 0.0438312292098999,
      "correction_magnitude": 4595.89892578125,
      "relative_correction_percent": 99.9976806640625
    },
    "B8A": {
      "original_mean": 4426.9765625,
      "corrected_mean": 0.1273961067199707,
      "original_std": 453.5752868652344,
      "corrected_std": 0.04534400999546051,
      "correction_magnitude": 4426.84912109375,
      "relative_correction_percent": 99.99712371826172
    },
    "B11": {
      "original_mean": 1589.0802001953125,
      "corrected_mean": 0.02927018515765667,
      "original_std": 152.6527557373047,
      "corrected_std": 0.015136771835386753,
      "correction_magnitude": 1589.0509033203125,
      "relative_correction_percent": 99.99816131591797
    },
    "B12": {
      "original_mean": 1197.244873046875,
      "corrected_mean": 0.02572610042989254,
      "original_std": 126.34274291992188,
      "corrected_std": 0.012628682889044285,
      "correction_magnitude": 1197.2191162109375,
      "relative_correction_percent": 99.99784851074219
    }
  },
  "index_statistics": {
    "NDVI": {
      "mean": 0.41186633706092834,
      "std": 0.2715454399585724,
      "min": -1.0,
      "max": 1.0,
      "median": 0.44092893600463867,
      "q25": 0.31909674406051636,
      "q75": 0.5625284910202026,
      "valid_pixels": 16777216
    },
    "NDWI": {
      "mean": -0.5766727328300476,
      "std": 0.2574162185192108,
      "min": -1.0,
      "max": 1.0,
      "median": -0.6037735939025879,
      "q25": -0.7319904565811157,
      "q75": -0.48257240653038025,
      "valid_pixels": 16777216
    },
    "NBR": {
      "mean": 0.5811070203781128,
      "std": 0.2450491189956665,
      "min": -1.0,
      "max": 1.0,
      "median": 0.6046417951583862,
      "q25": 0.4916296899318695,
      "q75": 0.7182356119155884,
      "valid_pixels": 16777216
    },
    "NDII": {
      "mean": 0.5446116924285889,
      "std": 0.2536359131336212,
      "min": -1.0,
      "max": 1.0,
      "median": 0.5789828300476074,
      "q25": 0.4515904188156128,
      "q75": 0.6854425668716431,
      "valid_pixels": 16777216
    },
    "BAI": {
      "mean": -0.22239013016223907,
      "std": 0.3213517367839813,
      "min": -1.0,
      "max": 1.0,
      "median": -0.23235711455345154,
      "q25": -0.4010019898414612,
      "q75": -0.06031745672225952,
      "valid_pixels": 16777216
    },
    "SAVI": {
      "mean": 0.14816606044769287,
      "std": 0.0890236496925354,
      "min": -0.1220834031701088,
      "max": 0.3797592520713806,
      "median": 0.15221115946769714,
      "q25": 0.09448634833097458,
      "q75": 0.2071274369955063,
      "valid_pixels": 16777216
    }
  }
}